[
  {"model": "api.store", "pk": 1, "fields": {"name": "Grocery Store"}},
  {"model": "api.store", "pk": 2, "fields": {"name": "Hardware Store"}},

  {"model": "api.aisle", "pk": 1,  "fields": {"name": "Produce",       "order": 1, "store": 1}},
  {"model": "api.aisle", "pk": 2,  "fields": {"name": "Dairy",         "order": 2, "store": 1}},
  {"model": "api.aisle", "pk": 3,  "fields": {"name": "Bakery",        "order": 3, "store": 1}},
  {"model": "api.aisle", "pk": 4,  "fields": {"name": "Meat & Seafood","order": 4, "store": 1}},
  {"model": "api.aisle", "pk": 5,  "fields": {"name": "Frozen Foods",  "order": 5, "store": 1}},
  {"model": "api.aisle", "pk": 6,  "fields": {"name": "Canned Goods",  "order": 6, "store": 1}},
  {"model": "api.aisle", "pk": 7,  "fields": {"name": "Beverages",     "order": 7, "store": 1}},
  {"model": "api.aisle", "pk": 8,  "fields": {"name": "Snacks",        "order": 8, "store": 1}},
  {"model": "api.aisle", "pk": 9,  "fields": {"name": "Personal Care", "order": 9, "store": 1}},
  {"model": "api.aisle", "pk": 10, "fields": {"name": "Uncategorized", "order": 0, "store": 1}},

  {"model": "api.aisle", "pk": 11, "fields": {"name": "Tools",         "order": 1, "store": 2}},
  {"model": "api.aisle", "pk": 12, "fields": {"name": "Electrical",    "order": 2, "store": 2}},
  {"model": "api.aisle", "pk": 13, "fields": {"name": "Plumbing",      "order": 3, "store": 2}},
  {"model": "api.aisle", "pk": 14, "fields": {"name": "Paint",         "order": 4, "store": 2}},
  {"model": "api.aisle", "pk": 15, "fields": {"name": "Garden",        "order": 5, "store": 2}},
  {"model": "api.aisle", "pk": 16, "fields": {"name": "Uncategorized", "order": 0, "store": 2}},

  {"model": "api.item", "pk": 1,  "fields": {"name": "Apples",          "matches": null, "plural": "Apples",          "aisle": 1}},
  {"model": "api.item", "pk": 2,  "fields": {"name": "Bananas",         "matches": null, "plural": "Bananas",         "aisle": 1}},
  {"model": "api.item", "pk": 3,  "fields": {"name": "Carrots",         "matches": null, "plural": "Carrots",         "aisle": 1}},
  {"model": "api.item", "pk": 4,  "fields": {"name": "Broccoli",        "matches": null, "plural": null,              "aisle": 1}},
  {"model": "api.item", "pk": 5,  "fields": {"name": "Milk",            "matches": null, "plural": null,              "aisle": 2}},
  {"model": "api.item", "pk": 6,  "fields": {"name": "Cheese",          "matches": null, "plural": null,              "aisle": 2}},
  {"model": "api.item", "pk": 7,  "fields": {"name": "Butter",          "matches": null, "plural": null,              "aisle": 2}},
  {"model": "api.item", "pk": 8,  "fields": {"name": "Eggs",            "matches": null, "plural": null,              "aisle": 2}},
  {"model": "api.item", "pk": 9,  "fields": {"name": "Bread",           "matches": null, "plural": null,              "aisle": 3}},
  {"model": "api.item", "pk": 10, "fields": {"name": "Bagels",          "matches": null, "plural": "Bagels",          "aisle": 3}},
  {"model": "api.item", "pk": 11, "fields": {"name": "Chicken Breast",  "matches": null, "plural": null,              "aisle": 4}},
  {"model": "api.item", "pk": 12, "fields": {"name": "Ground Beef",     "matches": null, "plural": null,              "aisle": 4}},
  {"model": "api.item", "pk": 13, "fields": {"name": "Salmon",          "matches": null, "plural": null,              "aisle": 4}},
  {"model": "api.item", "pk": 14, "fields": {"name": "Frozen Pizza",    "matches": null, "plural": "Frozen Pizzas",   "aisle": 5}},
  {"model": "api.item", "pk": 15, "fields": {"name": "Ice Cream",       "matches": null, "plural": null,              "aisle": 5}},
  {"model": "api.item", "pk": 16, "fields": {"name": "Chicken Soup",    "matches": null, "plural": null,              "aisle": 6}},
  {"model": "api.item", "pk": 17, "fields": {"name": "Diced Tomatoes",  "matches": null, "plural": null,              "aisle": 6}},
  {"model": "api.item", "pk": 18, "fields": {"name": "Orange Juice",    "matches": null, "plural": null,              "aisle": 7}},
  {"model": "api.item", "pk": 19, "fields": {"name": "Coffee",          "matches": null, "plural": null,              "aisle": 7}},
  {"model": "api.item", "pk": 20, "fields": {"name": "Chips",           "matches": null, "plural": "Chips",           "aisle": 8}},
  {"model": "api.item", "pk": 21, "fields": {"name": "Crackers",        "matches": null, "plural": "Crackers",        "aisle": 8}},
  {"model": "api.item", "pk": 22, "fields": {"name": "Shampoo",         "matches": null, "plural": null,              "aisle": 9}},
  {"model": "api.item", "pk": 23, "fields": {"name": "Toothpaste",      "matches": null, "plural": null,              "aisle": 9}},
  {"model": "api.item", "pk": 24, "fields": {"name": "Hammer",          "matches": null, "plural": "Hammers",         "aisle": 11}},
  {"model": "api.item", "pk": 25, "fields": {"name": "Screwdriver Set", "matches": null, "plural": null,              "aisle": 11}},
  {"model": "api.item", "pk": 26, "fields": {"name": "Light Bulbs",     "matches": null, "plural": "Light Bulbs",     "aisle": 12}},
  {"model": "api.item", "pk": 27, "fields": {"name": "Extension Cord",  "matches": null, "plural": "Extension Cords", "aisle": 12}},
  {"model": "api.item", "pk": 28, "fields": {"name": "PVC Pipe",        "matches": null, "plural": "PVC Pipes",       "aisle": 13}},
  {"model": "api.item", "pk": 29, "fields": {"name": "Paint Brushes",   "matches": null, "plural": "Paint Brushes",   "aisle": 14}},
  {"model": "api.item", "pk": 30, "fields": {"name": "Potting Soil",    "matches": null, "plural": null,              "aisle": 15}},
  {"model": "api.item", "pk": 31, "fields": {"name": "Garden Hose",     "matches": null, "plural": "Garden Hoses",    "aisle": 15}},

  {"model": "api.shoppinglist", "pk": 1, "fields": {"name": "Weekly Groceries",  "store": 1}},
  {"model": "api.shoppinglist", "pk": 2, "fields": {"name": "Home Improvement",  "store": 2}},

  {"model": "api.listitem", "pk": 1, "fields": {"qty": 1, "purchased": false, "notes": null, "purch_date": null, "item": 5,  "aisle": 2,  "shopping_list": 1}},
  {"model": "api.listitem", "pk": 2, "fields": {"qty": 1, "purchased": false, "notes": null, "purch_date": null, "item": 8,  "aisle": 2,  "shopping_list": 1}},
  {"model": "api.listitem", "pk": 3, "fields": {"qty": 1, "purchased": false, "notes": null, "purch_date": null, "item": 9,  "aisle": 3,  "shopping_list": 1}},
  {"model": "api.listitem", "pk": 4, "fields": {"qty": 4, "purchased": false, "notes": null, "purch_date": null, "item": 1,  "aisle": 1,  "shopping_list": 1}},
  {"model": "api.listitem", "pk": 5, "fields": {"qty": 2, "purchased": false, "notes": null, "purch_date": null, "item": 11, "aisle": 4,  "shopping_list": 1}},
  {"model": "api.listitem", "pk": 6, "fields": {"qty": 4, "purchased": false, "notes": null, "purch_date": null, "item": 26, "aisle": 12, "shopping_list": 2}}
]
